-- phpMyAdmin SQL Dump
-- version 5.2.1
-- https://www.phpmyadmin.net/
--
-- Host: localhost
-- Generation Time: Mar 22, 2026 at 06:34 PM
-- Server version: 10.4.32-MariaDB
-- PHP Version: 8.2.12

SET SQL_MODE = "NO_AUTO_VALUE_ON_ZERO";
START TRANSACTION;
SET time_zone = "+00:00";


/*!40101 SET @OLD_CHARACTER_SET_CLIENT=@@CHARACTER_SET_CLIENT */;
/*!40101 SET @OLD_CHARACTER_SET_RESULTS=@@CHARACTER_SET_RESULTS */;
/*!40101 SET @OLD_COLLATION_CONNECTION=@@COLLATION_CONNECTION */;
/*!40101 SET NAMES utf8mb4 */;

--
-- Database: `rp_website`
--

-- --------------------------------------------------------

--
-- Table structure for table `business_logs`
--

CREATE TABLE `business_logs` (
  `id` int(10) UNSIGNED NOT NULL,
  `created_at` datetime NOT NULL DEFAULT current_timestamp(),
  `origin` varchar(255) DEFAULT NULL,
  `event_type` varchar(50) NOT NULL,
  `module` varchar(100) NOT NULL,
  `description` varchar(1000) NOT NULL,
  `affected_entity_type` varchar(50) DEFAULT NULL,
  `affected_entity_id` bigint(20) UNSIGNED DEFAULT NULL,
  `user_id` int(10) UNSIGNED DEFAULT NULL,
  `context_data` text DEFAULT NULL,
  `user_id_plain` varchar(255) DEFAULT NULL,
  `user_email_plain` varchar(255) DEFAULT NULL
) ENGINE=InnoDB DEFAULT CHARSET=utf8mb4 COLLATE=utf8mb4_general_ci;

-- --------------------------------------------------------

--
-- Table structure for table `cache`
--

CREATE TABLE `cache` (
  `key` varchar(255) NOT NULL,
  `value` mediumtext NOT NULL,
  `expiration` int(11) NOT NULL
) ENGINE=InnoDB DEFAULT CHARSET=utf8mb4 COLLATE=utf8mb4_unicode_ci;

-- --------------------------------------------------------

--
-- Table structure for table `job_applications`
--

CREATE TABLE `job_applications` (
  `id` bigint(20) UNSIGNED NOT NULL,
  `first_name` varchar(100) NOT NULL,
  `last_name` varchar(100) NOT NULL,
  `email` varchar(150) NOT NULL,
  `phone` varchar(30) DEFAULT NULL,
  `position_name` varchar(150) NOT NULL,
  `message` text DEFAULT NULL,
  `cv_path` varchar(255) DEFAULT NULL,
  `state` varchar(50) DEFAULT 'Nový',
  `internal_note` text DEFAULT NULL,
  `created_at` timestamp NOT NULL DEFAULT current_timestamp(),
  `updated_at` timestamp NOT NULL DEFAULT current_timestamp() ON UPDATE current_timestamp(),
  `deleted_at` timestamp NULL DEFAULT NULL
) ENGINE=InnoDB DEFAULT CHARSET=utf8mb4 COLLATE=utf8mb4_unicode_ci;

-- --------------------------------------------------------

--
-- Table structure for table `migrations`
--

CREATE TABLE `migrations` (
  `id` int(10) UNSIGNED NOT NULL,
  `migration` varchar(255) NOT NULL,
  `batch` int(11) NOT NULL
) ENGINE=InnoDB DEFAULT CHARSET=utf8mb4 COLLATE=utf8mb4_unicode_ci;

--
-- Dumping data for table `migrations`
--

INSERT INTO `migrations` (`id`, `migration`, `batch`) VALUES
(1, '0001_01_01_000000_create_users_table', 1),
(2, '0001_01_01_000001_create_cache_table', 1),
(3, '0001_01_01_000002_create_jobs_table', 1),
(10, '2025_07_10_155210_create_personal_access_tokens_table', 3),
(11, '2025_07_15_101409_create_refresh_tokens_table', 3),
(12, '2025_07_10_075603_create_raw_request_commissions_table', 4);

-- --------------------------------------------------------

--
-- Table structure for table `news`
--

CREATE TABLE `news` (
  `id` int(11) NOT NULL,
  `title` varchar(255) NOT NULL,
  `message` varchar(255) NOT NULL,
  `author` varchar(255) NOT NULL,
  `thema` varchar(255) NOT NULL,
  `bullet_1` varchar(255) DEFAULT NULL,
  `bullet_2` varchar(255) DEFAULT NULL,
  `bullet_3` varchar(255) DEFAULT NULL,
  `bullet_4` varchar(255) DEFAULT NULL,
  `created_at` timestamp NULL DEFAULT NULL,
  `updated_at` timestamp NULL DEFAULT NULL,
  `deleted_at` timestamp NULL DEFAULT NULL
) ENGINE=InnoDB DEFAULT CHARSET=utf8mb4 COLLATE=utf8mb4_general_ci;

-- --------------------------------------------------------

--
-- Table structure for table `password_reset_tokens`
--

CREATE TABLE `password_reset_tokens` (
  `email` varchar(255) NOT NULL,
  `token` varchar(255) NOT NULL,
  `created_at` timestamp NULL DEFAULT NULL
) ENGINE=InnoDB DEFAULT CHARSET=utf8mb4 COLLATE=utf8mb4_unicode_ci;

-- --------------------------------------------------------

--
-- Table structure for table `permissions`
--

CREATE TABLE `permissions` (
  `id` int(10) UNSIGNED NOT NULL,
  `permission_key` varchar(100) NOT NULL,
  `description` varchar(255) DEFAULT NULL,
  `created_at` timestamp NOT NULL DEFAULT current_timestamp()
) ENGINE=InnoDB DEFAULT CHARSET=utf8mb4 COLLATE=utf8mb4_general_ci;

--
-- Dumping data for table `permissions`
--

INSERT INTO `permissions` (`id`, `permission_key`, `description`, `created_at`) VALUES
(1, 'manage-administrators', 'Správa administrátorských účtů', '2026-02-14 08:12:31'),
(2, 'view-business-logs', 'Prohlížení business logů', '2026-02-14 08:12:31'),
(3, 'view-personal-info', 'Zobrazení osobních údajů', '2026-02-14 08:12:31'),
(4, 'view-user-requests', 'Zobrazení uživatelských požadavků', '2026-02-14 08:12:31'),
(5, 'view-dashboard', 'Přístup k nástěnce', '2026-02-14 08:12:31'),
(6, 'view-edit-website', 'Možnost editovat web', '2026-02-14 08:12:31'),
(7, 'view-deleted', 'Zobrazit softdeleted záznamy.', '2026-02-14 08:12:31'),
(8, 'view-sales-leads', 'Zobrazit Sales Leads', '2026-02-14 08:12:31'),
(9, 'view-news', 'Může vidět a editovat News.', '2026-02-14 08:12:31'),
(10, 'view-sales-orders', 'Vidí poptávkové listy od klientů.', '2026-02-14 08:12:31'),
(11, 'view-support-tickets', 'Může zobrazit tikety zaslané na podporu.', '2026-02-14 08:12:31'),
(12, 'view-job-applications', 'Může zobrazit seznam uchazečů.', '2026-02-14 08:12:31');

-- --------------------------------------------------------

--
-- Table structure for table `personal_access_tokens`
--

CREATE TABLE `personal_access_tokens` (
  `id` bigint(20) UNSIGNED NOT NULL,
  `tokenable_type` varchar(255) NOT NULL,
  `tokenable_id` bigint(20) UNSIGNED NOT NULL,
  `name` varchar(255) NOT NULL,
  `token` varchar(64) NOT NULL,
  `abilities` text DEFAULT NULL,
  `last_used_at` timestamp NULL DEFAULT NULL,
  `expires_at` timestamp NULL DEFAULT NULL,
  `created_at` timestamp NULL DEFAULT NULL,
  `updated_at` timestamp NULL DEFAULT NULL
) ENGINE=InnoDB DEFAULT CHARSET=utf8mb4 COLLATE=utf8mb4_unicode_ci;

--
-- Dumping data for table `personal_access_tokens`
--

INSERT INTO `personal_access_tokens` (`id`, `tokenable_type`, `tokenable_id`, `name`, `token`, `abilities`, `last_used_at`, `expires_at`, `created_at`, `updated_at`) VALUES
(79, 'App\\Models\\User', 34, 'access-token', '46ffc555bdaa30fe9c7baf1ff082fbc0a7e78cf5bdf4a8a08580f153eab32b51', '[\"*\"]', '2026-02-15 22:39:32', '2026-02-15 23:09:32', '2026-02-15 22:39:32', '2026-02-15 22:39:32'),
(81, 'App\\Models\\User', 34, 'access-token', 'b68364618e440f61d911b78ad90ca53d74ec497c10d71d743a4e4eb20081c2d7', '[\"*\"]', '2026-02-15 22:39:56', '2026-02-15 23:09:56', '2026-02-15 22:39:56', '2026-02-15 22:39:56'),
(87, 'App\\Models\\User', 59, 'access-token', 'c58f7b40a4862562dc033216ec4ba476336d5cc77af42b57e8a6721e0c735545', '[\"*\"]', '2026-02-15 22:41:38', '2026-02-15 23:11:38', '2026-02-15 22:41:38', '2026-02-15 22:41:38'),
(134, 'App\\Models\\User', 62, 'access-token', '696da6ddfce759f43fcd6c430016ffff654238b4bd746c50642599a4b68a1cd7', '[\"*\"]', '2026-02-18 02:12:13', '2026-02-18 03:12:09', '2026-02-18 02:12:09', '2026-02-18 02:12:13'),
(172, 'App\\Models\\User', 77, 'access-token', 'f783051fdb88711a863e9ccd4e5176a5a3f2a3606204c816754c3227d07698f8', '[\"*\"]', '2026-02-25 00:08:53', '2026-02-25 00:42:29', '2026-02-24 23:42:29', '2026-02-25 00:08:53'),
(217, 'App\\Models\\User', 25, 'access-token', '4fcd0510eaa636f2539731bd63f28d647ec76bd56c2382a18f585b23b58a52a7', '[\"*\"]', '2026-03-22 17:34:24', '2026-03-22 18:33:39', '2026-03-22 17:33:39', '2026-03-22 17:34:24');

-- --------------------------------------------------------

--
-- Table structure for table `raw_request_commissions`
--

CREATE TABLE `raw_request_commissions` (
  `id` bigint(20) UNSIGNED NOT NULL,
  `thema` varchar(255) NOT NULL,
  `contact_email` varchar(255) NOT NULL,
  `contact_phone` varchar(255) DEFAULT NULL,
  `order_description` text NOT NULL,
  `status` varchar(255) NOT NULL DEFAULT 'Nově zadané',
  `priority` varchar(255) NOT NULL DEFAULT 'Neutrální',
  `created_at` timestamp NULL DEFAULT NULL,
  `updated_at` timestamp NULL DEFAULT NULL,
  `deleted_at` timestamp NULL DEFAULT NULL,
  `note` text DEFAULT NULL
) ENGINE=InnoDB DEFAULT CHARSET=utf8mb4 COLLATE=utf8mb4_unicode_ci;

-- --------------------------------------------------------

--
-- Table structure for table `refresh_tokens`
--

CREATE TABLE `refresh_tokens` (
  `id` bigint(20) UNSIGNED NOT NULL,
  `user_id` int(10) UNSIGNED NOT NULL,
  `token` varchar(64) NOT NULL,
  `expires_at` timestamp NULL DEFAULT NULL,
  `created_at` timestamp NULL DEFAULT NULL,
  `updated_at` timestamp NULL DEFAULT NULL
) ENGINE=InnoDB DEFAULT CHARSET=utf8mb4 COLLATE=utf8mb4_unicode_ci;

--
-- Dumping data for table `refresh_tokens`
--

INSERT INTO `refresh_tokens` (`id`, `user_id`, `token`, `expires_at`, `created_at`, `updated_at`) VALUES
(216, 25, '82a6445a9a64deb43aa626ed37ab8b971a25f0fb3f7c50a183850a8d0658d685', '2026-03-29 16:33:39', '2026-03-22 17:33:39', '2026-03-22 17:33:39');

-- --------------------------------------------------------

--
-- Table structure for table `roles`
--

CREATE TABLE `roles` (
  `id` int(10) UNSIGNED NOT NULL,
  `role_name` varchar(50) NOT NULL,
  `description` varchar(255) DEFAULT NULL,
  `created_at` timestamp NOT NULL DEFAULT current_timestamp(),
  `updated_at` timestamp NOT NULL DEFAULT current_timestamp() ON UPDATE current_timestamp(),
  `deleted_at` timestamp NULL DEFAULT NULL
) ENGINE=InnoDB DEFAULT CHARSET=utf8mb4 COLLATE=utf8mb4_general_ci;

--
-- Dumping data for table `roles`
--

INSERT INTO `roles` (`id`, `role_name`, `description`, `created_at`, `updated_at`, `deleted_at`) VALUES
(1, 'sysadmin', NULL, '2026-02-14 08:12:31', '2026-02-14 08:12:31', NULL),
(2, 'admin', NULL, '2026-02-14 08:12:31', '2026-02-14 08:12:31', NULL),
(3, 'primeadmin', NULL, '2026-02-14 08:12:31', '2026-02-14 08:12:31', NULL),
(4, 'UI/UX Designer', NULL, '2026-02-14 08:12:31', '2026-02-14 08:12:31', NULL),
(5, 'Salesman', NULL, '2026-02-14 08:12:31', '2026-02-14 08:12:31', NULL);

-- --------------------------------------------------------

--
-- Table structure for table `role_permissions`
--

CREATE TABLE `role_permissions` (
  `role_id` int(10) UNSIGNED NOT NULL,
  `permission_id` int(10) UNSIGNED NOT NULL
) ENGINE=InnoDB DEFAULT CHARSET=utf8mb4 COLLATE=utf8mb4_general_ci;

--
-- Dumping data for table `role_permissions`
--

INSERT INTO `role_permissions` (`role_id`, `permission_id`) VALUES
(1, 1),
(1, 2),
(1, 3),
(1, 4),
(1, 5),
(1, 6),
(1, 7),
(1, 8),
(1, 9),
(1, 10),
(1, 11),
(1, 12),
(2, 3),
(2, 4),
(2, 5),
(2, 7),
(2, 8),
(3, 1),
(3, 2),
(3, 5),
(4, 3),
(4, 5),
(5, 3),
(5, 5),
(5, 8);

-- --------------------------------------------------------

--
-- Table structure for table `sales_leads`
--

CREATE TABLE `sales_leads` (
  `id` int(10) UNSIGNED NOT NULL,
  `user_id` int(10) UNSIGNED DEFAULT NULL,
  `salesman_name` varchar(255) NOT NULL,
  `first_contact_date` date DEFAULT NULL,
  `subject_name` varchar(255) NOT NULL,
  `contact_person` varchar(255) DEFAULT NULL,
  `location` varchar(100) DEFAULT NULL,
  `source_channel` varchar(255) NOT NULL,
  `source_url` varchar(500) DEFAULT NULL,
  `description` text DEFAULT NULL,
  `priority` varchar(255) DEFAULT 'Neutrální',
  `status` varchar(255) DEFAULT 'nové',
  `last_contact_date` date DEFAULT NULL,
  `next_step` varchar(255) DEFAULT NULL,
  `rejection_reason` text DEFAULT NULL,
  `created_at` timestamp NOT NULL DEFAULT current_timestamp(),
  `updated_at` timestamp NOT NULL DEFAULT current_timestamp() ON UPDATE current_timestamp(),
  `deleted_at` timestamp NULL DEFAULT NULL,
  `contact_email` varchar(255) DEFAULT NULL,
  `contact_phone` varchar(255) DEFAULT NULL,
  `contact_other` varchar(255) DEFAULT NULL
) ENGINE=InnoDB DEFAULT CHARSET=utf8mb4 COLLATE=utf8mb4_unicode_ci;

-- --------------------------------------------------------

--
-- Table structure for table `sales_orders`
--

CREATE TABLE `sales_orders` (
  `id` int(10) UNSIGNED NOT NULL,
  `lead_id` int(10) UNSIGNED DEFAULT NULL,
  `salesman_name` varchar(255) DEFAULT NULL,
  `ico` varchar(20) DEFAULT NULL,
  `client_name` varchar(255) NOT NULL,
  `client_address` varchar(500) DEFAULT NULL,
  `client_phone` varchar(255) DEFAULT NULL,
  `client_email` varchar(255) DEFAULT NULL,
  `order_description` text DEFAULT NULL,
  `attachment_path` varchar(512) DEFAULT NULL,
  `created_at` timestamp NOT NULL DEFAULT current_timestamp(),
  `updated_at` timestamp NOT NULL DEFAULT current_timestamp() ON UPDATE current_timestamp(),
  `deleted_at` timestamp NULL DEFAULT NULL
) ENGINE=InnoDB DEFAULT CHARSET=utf8mb4 COLLATE=utf8mb4_unicode_ci;

-- --------------------------------------------------------

--
-- Table structure for table `sessions`
--

CREATE TABLE `sessions` (
  `id` varchar(255) NOT NULL,
  `user_id` bigint(20) UNSIGNED DEFAULT NULL,
  `ip_address` varchar(45) DEFAULT NULL,
  `user_agent` text DEFAULT NULL,
  `payload` longtext NOT NULL,
  `last_activity` int(11) NOT NULL
) ENGINE=InnoDB DEFAULT CHARSET=utf8mb4 COLLATE=utf8mb4_unicode_ci;

-- --------------------------------------------------------

--
-- Table structure for table `support_tickets`
--

CREATE TABLE `support_tickets` (
  `id` bigint(20) UNSIGNED NOT NULL,
  `user_id` int(10) UNSIGNED DEFAULT NULL,
  `user_name_plain` varchar(255) NOT NULL,
  `user_email_plain` varchar(255) NOT NULL,
  `category` varchar(100) NOT NULL,
  `priority` varchar(50) DEFAULT 'medium',
  `state` varchar(50) DEFAULT 'new',
  `subject` varchar(255) NOT NULL,
  `description` text NOT NULL,
  `attachment_path` varchar(255) DEFAULT NULL,
  `created_at` timestamp NULL DEFAULT NULL,
  `updated_at` timestamp NULL DEFAULT NULL,
  `deleted_at` timestamp NULL DEFAULT NULL
) ENGINE=InnoDB DEFAULT CHARSET=utf8mb4 COLLATE=utf8mb4_unicode_ci;

-- --------------------------------------------------------

--
-- Table structure for table `system_logs`
--

CREATE TABLE `system_logs` (
  `id` int(10) UNSIGNED NOT NULL,
  `created_at` datetime NOT NULL DEFAULT current_timestamp(),
  `origin` varchar(255) DEFAULT NULL,
  `event_type` varchar(50) NOT NULL,
  `module` varchar(100) NOT NULL,
  `description` varchar(1000) NOT NULL,
  `context_data` text DEFAULT NULL
) ENGINE=InnoDB DEFAULT CHARSET=utf8mb4 COLLATE=utf8mb4_general_ci;

-- --------------------------------------------------------

--
-- Table structure for table `users`
--

CREATE TABLE `users` (
  `id` int(10) UNSIGNED NOT NULL,
  `user_email` varchar(255) NOT NULL,
  `contact_email` varchar(255) DEFAULT NULL,
  `full_name` varchar(255) NOT NULL,
  `birth_date` date DEFAULT NULL,
  `personal_id_num` varchar(20) DEFAULT NULL,
  `address` text DEFAULT NULL,
  `bank_account` varchar(50) DEFAULT NULL,
  `health_insurance` varchar(10) DEFAULT NULL,
  `commission_rate` int(3) DEFAULT 10,
  `dpp_hours_spent` int(5) NOT NULL DEFAULT 0,
  `has_tax_declaration` tinyint(1) NOT NULL DEFAULT 0,
  `phone_number` varchar(20) DEFAULT NULL,
  `internal_note` text DEFAULT NULL,
  `user_password_hash` varchar(255) NOT NULL,
  `user_password_salt` varchar(255) DEFAULT NULL,
  `last_login_at` datetime DEFAULT NULL,
  `created_at` datetime NOT NULL DEFAULT current_timestamp(),
  `updated_at` datetime NOT NULL DEFAULT current_timestamp() ON UPDATE current_timestamp(),
  `deleted_at` datetime DEFAULT NULL,
  `is_deleted` tinyint(1) NOT NULL DEFAULT 0
) ENGINE=InnoDB DEFAULT CHARSET=utf8mb4 COLLATE=utf8mb4_general_ci;

--
-- Dumping data for table `users`
--

INSERT INTO `users` (`id`, `user_email`, `contact_email`, `full_name`, `birth_date`, `personal_id_num`, `address`, `bank_account`, `health_insurance`, `commission_rate`, `dpp_hours_spent`, `has_tax_declaration`, `phone_number`, `internal_note`, `user_password_hash`, `user_password_salt`, `last_login_at`, `created_at`, `updated_at`, `deleted_at`, `is_deleted`) VALUES
(25, 'joncl', 'jonasbucina@rpsw.cz', 'Jonáš Bučina', NULL, NULL, NULL, NULL, NULL, 10, 0, 0, NULL, NULL, '$2y$12$rV1ILe7YeW1L1XfWb5DrfuiCYTC.1FZsIU4wtNmA95GaUNwXAtYoa', NULL, '2026-03-22 18:33:39', '2026-02-14 08:12:31', '2026-03-22 18:33:39', NULL, 0),
(30, 'prime_admin', NULL, 'Prime Admin', NULL, NULL, NULL, NULL, NULL, 10, 0, 0, NULL, NULL, '$2y$12$NEiDrqVCChulf9S/EUPIpeOHScIM0zwswPTxIFamRDrY4XajgHQOe', NULL, NULL, '2026-02-14 08:12:31', '2026-02-14 08:12:31', NULL, 0),
(34, 'lindicka', 'lindicka@mazliva.cz', 'Lindička Trýbíčková Mazliva', NULL, NULL, NULL, NULL, NULL, 10, 0, 0, NULL, NULL, '$2y$12$xbMrIDwkEj.ZOnsLe7Glr..2qbca1i7XnSclNnGILENFKlL.Kw9.W', NULL, '2026-02-15 23:39:56', '2026-02-14 08:12:31', '2026-02-20 23:59:34', NULL, 0);

-- --------------------------------------------------------

--
-- Table structure for table `user_roles`
--

CREATE TABLE `user_roles` (
  `user_id` int(10) UNSIGNED NOT NULL,
  `role_id` int(10) UNSIGNED NOT NULL
) ENGINE=InnoDB DEFAULT CHARSET=utf8mb4 COLLATE=utf8mb4_general_ci;

--
-- Dumping data for table `user_roles`
--

INSERT INTO `user_roles` (`user_id`, `role_id`) VALUES
(25, 1),
(30, 3),
(34, 5);

--
-- Indexes for dumped tables
--

--
-- Indexes for table `business_logs`
--
ALTER TABLE `business_logs`
  ADD PRIMARY KEY (`id`),
  ADD KEY `fk_business_logs_user_id` (`user_id`);

--
-- Indexes for table `cache`
--
ALTER TABLE `cache`
  ADD PRIMARY KEY (`key`);

--
-- Indexes for table `job_applications`
--
ALTER TABLE `job_applications`
  ADD PRIMARY KEY (`id`);

--
-- Indexes for table `migrations`
--
ALTER TABLE `migrations`
  ADD PRIMARY KEY (`id`);

--
-- Indexes for table `news`
--
ALTER TABLE `news`
  ADD PRIMARY KEY (`id`);

--
-- Indexes for table `password_reset_tokens`
--
ALTER TABLE `password_reset_tokens`
  ADD PRIMARY KEY (`email`);

--
-- Indexes for table `permissions`
--
ALTER TABLE `permissions`
  ADD PRIMARY KEY (`id`),
  ADD UNIQUE KEY `uq_permission_key` (`permission_key`);

--
-- Indexes for table `personal_access_tokens`
--
ALTER TABLE `personal_access_tokens`
  ADD PRIMARY KEY (`id`),
  ADD UNIQUE KEY `token_unique` (`token`),
  ADD KEY `tokenable_index` (`tokenable_type`,`tokenable_id`);

--
-- Indexes for table `raw_request_commissions`
--
ALTER TABLE `raw_request_commissions`
  ADD PRIMARY KEY (`id`);

--
-- Indexes for table `refresh_tokens`
--
ALTER TABLE `refresh_tokens`
  ADD PRIMARY KEY (`id`),
  ADD UNIQUE KEY `token_unique` (`token`),
  ADD KEY `fk_refresh_user_id` (`user_id`);

--
-- Indexes for table `roles`
--
ALTER TABLE `roles`
  ADD PRIMARY KEY (`id`),
  ADD UNIQUE KEY `role_name` (`role_name`);

--
-- Indexes for table `role_permissions`
--
ALTER TABLE `role_permissions`
  ADD PRIMARY KEY (`role_id`,`permission_id`),
  ADD KEY `fk_rp_permission_id` (`permission_id`);

--
-- Indexes for table `sales_leads`
--
ALTER TABLE `sales_leads`
  ADD PRIMARY KEY (`id`),
  ADD KEY `fk_sales_leads_user_id` (`user_id`);

--
-- Indexes for table `sales_orders`
--
ALTER TABLE `sales_orders`
  ADD PRIMARY KEY (`id`),
  ADD KEY `fk_sales_orders_lead_id` (`lead_id`);

--
-- Indexes for table `sessions`
--
ALTER TABLE `sessions`
  ADD PRIMARY KEY (`id`),
  ADD KEY `sessions_user_id_index` (`user_id`),
  ADD KEY `sessions_last_activity_index` (`last_activity`);

--
-- Indexes for table `support_tickets`
--
ALTER TABLE `support_tickets`
  ADD PRIMARY KEY (`id`),
  ADD KEY `fk_support_user_id` (`user_id`);

--
-- Indexes for table `system_logs`
--
ALTER TABLE `system_logs`
  ADD PRIMARY KEY (`id`);

--
-- Indexes for table `users`
--
ALTER TABLE `users`
  ADD PRIMARY KEY (`id`),
  ADD UNIQUE KEY `user_email` (`user_email`);

--
-- Indexes for table `user_roles`
--
ALTER TABLE `user_roles`
  ADD PRIMARY KEY (`user_id`,`role_id`),
  ADD KEY `fk_ur_role_id` (`role_id`);

--
-- AUTO_INCREMENT for dumped tables
--

--
-- AUTO_INCREMENT for table `business_logs`
--
ALTER TABLE `business_logs`
  MODIFY `id` int(10) UNSIGNED NOT NULL AUTO_INCREMENT;

--
-- AUTO_INCREMENT for table `job_applications`
--
ALTER TABLE `job_applications`
  MODIFY `id` bigint(20) UNSIGNED NOT NULL AUTO_INCREMENT;

--
-- AUTO_INCREMENT for table `migrations`
--
ALTER TABLE `migrations`
  MODIFY `id` int(10) UNSIGNED NOT NULL AUTO_INCREMENT, AUTO_INCREMENT=13;

--
-- AUTO_INCREMENT for table `news`
--
ALTER TABLE `news`
  MODIFY `id` int(11) NOT NULL AUTO_INCREMENT;

--
-- AUTO_INCREMENT for table `permissions`
--
ALTER TABLE `permissions`
  MODIFY `id` int(10) UNSIGNED NOT NULL AUTO_INCREMENT, AUTO_INCREMENT=13;

--
-- AUTO_INCREMENT for table `personal_access_tokens`
--
ALTER TABLE `personal_access_tokens`
  MODIFY `id` bigint(20) UNSIGNED NOT NULL AUTO_INCREMENT, AUTO_INCREMENT=218;

--
-- AUTO_INCREMENT for table `raw_request_commissions`
--
ALTER TABLE `raw_request_commissions`
  MODIFY `id` bigint(20) UNSIGNED NOT NULL AUTO_INCREMENT, AUTO_INCREMENT=2;

--
-- AUTO_INCREMENT for table `refresh_tokens`
--
ALTER TABLE `refresh_tokens`
  MODIFY `id` bigint(20) UNSIGNED NOT NULL AUTO_INCREMENT, AUTO_INCREMENT=217;

--
-- AUTO_INCREMENT for table `roles`
--
ALTER TABLE `roles`
  MODIFY `id` int(10) UNSIGNED NOT NULL AUTO_INCREMENT, AUTO_INCREMENT=6;

--
-- AUTO_INCREMENT for table `sales_leads`
--
ALTER TABLE `sales_leads`
  MODIFY `id` int(10) UNSIGNED NOT NULL AUTO_INCREMENT, AUTO_INCREMENT=17;

--
-- AUTO_INCREMENT for table `sales_orders`
--
ALTER TABLE `sales_orders`
  MODIFY `id` int(10) UNSIGNED NOT NULL AUTO_INCREMENT, AUTO_INCREMENT=11;

--
-- AUTO_INCREMENT for table `support_tickets`
--
ALTER TABLE `support_tickets`
  MODIFY `id` bigint(20) UNSIGNED NOT NULL AUTO_INCREMENT, AUTO_INCREMENT=17;

--
-- AUTO_INCREMENT for table `system_logs`
--
ALTER TABLE `system_logs`
  MODIFY `id` int(10) UNSIGNED NOT NULL AUTO_INCREMENT;

--
-- AUTO_INCREMENT for table `users`
--
ALTER TABLE `users`
  MODIFY `id` int(10) UNSIGNED NOT NULL AUTO_INCREMENT, AUTO_INCREMENT=82;

--
-- Constraints for dumped tables
--

--
-- Constraints for table `business_logs`
--
ALTER TABLE `business_logs`
  ADD CONSTRAINT `fk_business_logs_user_id` FOREIGN KEY (`user_id`) REFERENCES `users` (`id`) ON DELETE SET NULL;

--
-- Constraints for table `refresh_tokens`
--
ALTER TABLE `refresh_tokens`
  ADD CONSTRAINT `fk_refresh_user_id` FOREIGN KEY (`user_id`) REFERENCES `users` (`id`) ON DELETE CASCADE;

--
-- Constraints for table `role_permissions`
--
ALTER TABLE `role_permissions`
  ADD CONSTRAINT `fk_rp_permission_id` FOREIGN KEY (`permission_id`) REFERENCES `permissions` (`id`) ON DELETE CASCADE,
  ADD CONSTRAINT `fk_rp_role_id` FOREIGN KEY (`role_id`) REFERENCES `roles` (`id`) ON DELETE CASCADE;

--
-- Constraints for table `sales_leads`
--
ALTER TABLE `sales_leads`
  ADD CONSTRAINT `fk_sales_leads_user_id` FOREIGN KEY (`user_id`) REFERENCES `users` (`id`) ON DELETE SET NULL;

--
-- Constraints for table `sales_orders`
--
ALTER TABLE `sales_orders`
  ADD CONSTRAINT `fk_sales_orders_lead_id` FOREIGN KEY (`lead_id`) REFERENCES `sales_leads` (`id`) ON DELETE SET NULL;

--
-- Constraints for table `support_tickets`
--
ALTER TABLE `support_tickets`
  ADD CONSTRAINT `fk_support_user_id` FOREIGN KEY (`user_id`) REFERENCES `users` (`id`) ON DELETE SET NULL;

--
-- Constraints for table `user_roles`
--
ALTER TABLE `user_roles`
  ADD CONSTRAINT `fk_ur_role_id` FOREIGN KEY (`role_id`) REFERENCES `roles` (`id`) ON DELETE CASCADE,
  ADD CONSTRAINT `fk_ur_user_id` FOREIGN KEY (`user_id`) REFERENCES `users` (`id`) ON DELETE CASCADE;
COMMIT;

/*!40101 SET CHARACTER_SET_CLIENT=@OLD_CHARACTER_SET_CLIENT */;
/*!40101 SET CHARACTER_SET_RESULTS=@OLD_CHARACTER_SET_RESULTS */;
/*!40101 SET COLLATION_CONNECTION=@OLD_COLLATION_CONNECTION */;
